player,team,exp,pos,height,weight
Cooper Flagg,Duke,Fr,SF,6-8,221
Dylan Harper,Rutgers,Fr,PG,6-5,213
Tre Johnson,Texas,Fr,SG,6-5,190
Ace Bailey,Rutgers,Fr,SF,6-8,203
VJ Edgecombe,Baylor,Fr,SG,6-4,193
Kon Knueppel,Duke,Fr,SF,6-5,219
Kasparas Jakucionis,Illinois,Fr,PG,6-5,205
Khaman Maluach,Duke,Fr,C,7-1,253
Derik Queen,Maryland,Fr,C,6-9,248
Carter Bryant,Arizona,Fr,SF,6-7,215
Jeremiah Fears,Oklahoma,Fr,PG,6-3,180
Collin Murray-Boyles,S. Carolina,Soph,PF,6-7,239
Egor Demin,BYU,Fr,PG,6-8,199
Nique Clifford,Colo. St.,Sr,SF,6-5,202
Liam McNeeley,UConn,Fr,SF,6-7,215
Cedric Coward,Wash. St.,Sr,SG,6-5,213
Jase Richardson,Michigan St.,Fr,SG,6-1,178
Asa Newell,Georgia,Fr,PF,6-9,224
Thomas Sorber,Georgetown,Fr,C,6-9,263
Rasheer Fleming,Saint Joseph's,Jr,PF,6-8,232
Maxime Raynaud,Stanford,Sr,C,7-0,237
Ryan Kalkbrenner,Creighton,Sr,C,7-1,257
Drake Powell,N. Carolina,Fr,SF,6-5,199
Walter Clayton Jr.,Florida,Sr,PG,6-2,199
Will Riley,Illinois,Fr,SF,6-8,186
Yanic Konan Niederhauser,Penn St.,Jr,C,6-11,243
Kam Jones,Marquette,Sr,PG,6-3,202
Johni Broome,Auburn,Sr,C,6-9,249
Tyrese Proctor,Duke,Jr,SG,6-4,183
Adou Thiero,Arkansas,Jr,SF,6-6,218
Micah Peavy,Georgetown,Sr,SG,6-6,212
Sion James,Duke,Sr,PG,6-5,218
Chaz Lanier,Tennessee,Sr,SG,6-4,206
John Tonje,Wisconsin,Sr,SF,6-5,212
Alijah Martin,Florida,Sr,SG,6-2,210
Ryan Nembhard,Gonzaga,Sr,PG,5-11,176
Amari Williams,Kentucky,Sr,C,6-10,262
Grant Nelson,Alabama,Sr,PF,6-10,230
Hunter Sallis,Wake Forest,Sr,SG,6-4,182
Eric Dixon,Villanova,Sr,PF,6-8,259
Javon Small,West Virginia,Sr,PG,6-1,190
Dylan Cardwell,Auburn,Sr,C,6-11,255
Mark Sears,Alabama,Sr,PG,5-11,183
Koby Brea,Kentucky,Sr,SF,6-6,202
Vladislav Goldin,Michigan,Sr,C,7-0,253
Jamir Watkins,Florida St.,Sr,SF,6-5,215
Will Richard,Florida,Sr,PG,6-4,206
Jaxson Robinson,Kentucky,Sr,SG,6-6,192
RJ Luis Jr.,St. John's,Jr,SF,6-6,210
Max Shulga,VCU,Sr,SG,6-5,210
Tamar Bates,Missouri,Sr,SG,6-4,191
Caleb Grill,Missouri,Sr,SG,6-3,205
Clifford Omoruyi,Alabama,Sr,C,6-11,250
Kobe Sanders,Nevada,Sr,SF,6-9,207
Payton Sandfort,Iowa,Sr,SF,6-8,215
Sean Pedulla,Ole Miss,Sr,SG,6-1,195
Brooks Barnhizer,Northwestern,Sr,SF,6-6,230
Brice Williams,Nebraska,Sr,SG,6-7,214
David Joplin,Marquette,Sr,PF,6-8,225
Chance McMillian,Texas Tech,Sr,SG,6-3,190
Lamont Butler,Kentucky,Sr,PG,6-2,208
Viktor Lakhin,Clemson,Sr,C,6-11,245
Jalon Moore,Oklahoma,Sr,SF,6-7,215
Chucky Hepburn,Louisville,Sr,PG,6-2,190
Caleb Love,Arizona,Sr,SG,6-4,205
Igor Milicic Jr.,Tennessee,Sr,PF,6-10,225
Kadary Richmond,St. John's,Sr,SG,6-6,205
Lachlan Olbrich,Australia,Fr,PF,6-10,236
Jahmai Mashack,Tennessee,Sr,SG,6-4,202
Norchad Omier,Baylor,Sr,PF,6-7,240
Jamiya Neal,Creighton,Sr,SG,6-5,190
Nate Santos,Dayton,Sr,SF,6-7,215
L.J. Cryer,Houston,Sr,SG,6-1,200
Curtis Jones,Iowa St.,Sr,SG,6-4,195
Matthew Cleveland,Miami,Sr,SF,6-7,210
Keshon Gilbert,Iowa St.,Sr,SG,6-4,200
Kobe Johnson,UCLA,Sr,SF,6-6,200
Gabe Madsen,Utah,Sr,SG,6-6,200
John Poulakidas,Yale,Sr,SG,6-6,205
Samson Johnson,UConn,Sr,C,6-10,225
Coleman Hawkins,Kansas St.,Sr,PF,6-10,235
Tyrese Hunter,Memphis,Sr,PG,6-0,180
Kadin Shedrick,Texas,Sr,PF,6-11,231